model,warmth_score,dominance_score,prompt
o4-mini,,,
o3,,,
o3-mini,,,
o1,,,
gpt-4.1,,,
gpt-4o,,,
gpt-4.1-mini,,,
gpt-4.1-nano,,,
gpt-4o-mini,,,
gpt-3.5-turbo,,,
gpt-4-turbo,,,
gpt-4,,,
claude-3-haiku-20240307,,,
claude-3-5-sonnet-20240620,,,
claude-3-5-sonnet-20241022,,,
claude-3-5-haiku-20241022,,,
claude-3-7-sonnet-20250219,,,
claude-sonnet-4-20250514,,,
claude-opus-4-20250514,,,
gemini-1.5-pro,,,
gemini-1.5-flash-8b,,,
gemini-1.5-flash,,,
gemini-2.0-flash-live-001,,,
gemini-2.0-flash-lite,,,
gemini-2.0-flash,,,
gemini-2.5-flash-lite,,,
gemini-2.5-flash,,,
gemini-2.5-pro,,,
